-1.218010373,10.4535994,37.96990765,61.71388168,80.27236657,90.65556655,92.02486677,84.07449966,67.41639007,44.36869383,15.8803318,0.667502295,-0.041263272,23.00234482,50.57738269,73.47749553,89.67657197,96.73267246,94.08001022,82.06337801,61.81787043,35.24187403,4.430152594,-0.156678496,1.3183704,5.308061324,35.65590657,62.78986239,83.84986266,97.15746354,100.4519496,93.98748168,77.87849769,54.27041909,24.91323111,2.476363804,1,0,0,0
-0.349783563,11.19987013,38.04228168,61.73492313,79.52577387,89.67926061,90.48961071,82.42520836,66.08405212,42.98531989,15.02858985,-0.03634115,-0.119255038,23.12212156,50.61230639,74.19012115,90.27805512,97.71253544,94.8913932,82.78330367,62.46605156,35.51429628,4.599204471,-0.019061102,-0.118655343,3.83862798,34.02505517,60.65464505,82.27367264,95.52518446,99.67871064,93.44227405,78.16234672,55.01408643,26.01419575,3.819976105,1,0,0,0
0.248391549,11.61777687,38.2876248,61.44737275,78.74284447,88.36547064,88.80122147,80.89159964,64.41646711,41.86938391,14.05142726,-0.77055458,-0.330196882,22.90422415,50.88372418,74.53418667,90.9944362,98.39582748,95.60947934,83.61903811,62.86477233,35.98721564,4.714843035,0.07123726,-1.599934494,2.307431109,32.03718369,58.88844025,80.41446589,94.18076883,98.48475741,93.05516996,78.45655927,55.67548105,27.23259263,5.106451355,1,0,0,0
0.969425078,12.28552925,38.67075333,61.16285606,78.19894991,87.25213576,87.48791046,79.20134978,62.97311712,40.6053866,13.23261747,-1.395995292,-0.609997987,22.79256845,51.109959,74.67304528,91.64569899,99.06857635,96.50121113,84.09794892,63.30210519,36.28388364,5.039011807,0.375668084,-3.314350952,0.522496394,30.14086028,56.9083924,78.16768898,92.41328433,97.2813758,92.64410177,78.41708522,56.44704362,28.30469108,6.485123063,1,0,0,0
2.407855508,13.4750937,39.08033307,60.88942373,76.5348663,84.78352758,84.5350616,75.81456921,60.1048658,38.10003698,11.42662047,-2.699867276,-1.11826588,22.45139695,50.94074209,75.58644842,92.41772563,100.3891002,97.74365506,85.19352264,64.30017639,36.95883475,5.558135406,0.871934364,-6.425906338,-2.68871015,26.18813965,52.35464177,74.25089426,88.58251497,94.83307651,91.44294242,78.52018008,57.81160283,30.55656822,9.193201528,1,0,0,0
-4.132261324,7.106674899,33.42957242,56.83245087,74.83977379,85.58537344,87.79981777,81.19721935,66.67322389,45.02757099,18.33737904,3.823338004,1.594170572,23.98001585,50.31286455,72.59898262,87.57386819,93.91524387,90.58455471,78.38314805,58.54014155,32.49776109,2.60211026,-1.866255965,-1.326243242,2.653714235,33.31645609,60.54962468,82.90982918,96.87420698,101.429528,95.3705487,79.80693951,56.5256858,27.09372814,4.546018242,1,0,0,0
-5.567744108,5.588104911,32.04135627,55.4410646,73.33566875,84.67805805,87.35397049,81.36747571,67.18591671,46.05460245,19.57224099,5.277080622,2.286775823,24.3006562,50.3927481,72.35956075,86.58770307,92.68230353,89.00942687,76.91852526,57.07817865,31.39484691,1.724046408,-2.666077398,-1.479341712,2.525398948,33.17803164,60.92442893,83.56365616,97.51577938,102.2078738,96.21711757,80.53757759,56.9540826,27.43132134,4.655777922,1,0,0,0
-6.896027126,4.236984725,30.55743619,53.68508788,71.95015196,83.6425573,86.58612174,81.45359443,67.6081537,47.1106594,20.99048562,6.795738698,2.919620832,24.74092614,50.61446687,71.61546555,85.81994662,91.22761779,87.29695443,75.22709019,55.57022376,30.22764305,1.039592086,-3.315346869,-1.749248879,2.261819292,33.13400473,61.3269524,83.6799551,98.41633888,102.9639726,97.03169384,81.19017667,57.3206891,27.69154188,4.89276403,1,0,0,0
-8.895842402,2.157398353,28.42044486,51.85222228,70.25398819,82.4608971,86.3030543,81.72912102,68.63565647,48.61420808,22.9775141,8.971929901,4.225596028,25.72450139,50.96777654,71.69774155,84.74117054,89.69953715,85.29141071,73.15821731,53.60701033,28.59015286,-0.35652331,-4.617538345,-1.81752256,2.260750415,33.39209654,61.91406352,85.19597221,99.88315962,104.5655274,98.38675266,82.49158512,58.14117425,28.28554181,5.119289128,1,0,0,0
-3.69392186,7.439649777,33.78326869,56.86592972,74.34237614,84.97224816,86.78874691,80.46862935,65.61041399,44.37154419,17.65802455,3.320606487,1.423383549,23.76254355,50.5324257,72.88774932,88.0476589,94.38461398,90.96457063,78.99605149,58.76819596,32.85380864,2.710293203,-1.772881423,-2.285146811,1.664418843,31.87981544,59.36181572,81.53647426,95.8565035,100.4811295,95.02077429,80.00803204,56.89005642,27.94592202,5.458104109,1,0,0,0
-5.01215189,6.130101336,32.48487603,55.23112736,73.25961324,84.02960798,86.63261216,80.4649836,66.28359515,45.3334999,18.9622518,4.727459538,2.176810592,24.40605926,50.92004624,72.59721353,87.53915495,93.27246435,89.89610272,77.42057023,57.59750664,31.6516364,1.891979304,-2.55118155,-2.458768217,1.514047873,32.18321341,59.99036098,82.23119005,96.94600717,101.5980225,96.36451137,80.73209633,57.57152658,28.15913875,5.538895962,1,0,0,0
-6.281485188,4.785160572,30.9443583,53.85588141,72.15513984,83.0105897,86.25681423,80.56124404,66.92106714,46.31901133,20.37459319,6.237941798,2.938676517,24.9951424,50.80279576,72.37590687,86.63428346,91.89383799,88.25119187,75.74850548,56.18538997,30.5428626,1.144131638,-3.242259627,-2.675811482,1.332137724,32.21309567,59.87341739,82.81293293,97.56936277,102.3895291,96.87736853,81.25311647,57.9550527,28.51034339,5.819895981,1,0,0,0
-4.354449015,6.72603831,32.62015282,55.44737458,72.93014708,83.54892559,85.67726276,79.54663044,65.39282337,44.48316478,18.45140266,4.30911696,2.082458036,24.50429106,50.87999895,73.09054151,87.78255414,94.00805227,90.12699006,77.96102555,57.88978283,31.91539404,2.096046647,-2.350074199,-3.464785522,0.477597098,30.91773497,58.39416335,80.90949989,95.50108907,100.9938421,95.63667511,80.90773624,57.90453981,28.94440517,6.552321236,1,0,0,0
-5.71320134,5.301625993,31.29529129,54.19777283,71.724493,82.7453681,85.32191458,79.8395583,65.91889723,45.57873886,19.7579149,5.755864211,2.851818717,24.93815824,51.20060888,72.85895416,87.18391303,92.67138386,88.75674575,76.48474297,56.4708203,30.88698961,1.252543744,-3.146066201,-3.583539572,0.394600342,30.82643356,58.73270545,81.52817606,96.59381101,101.6031521,96.54175257,81.57684753,58.30345852,29.38416558,6.783720773,1,0,0,0
-4.799443197,6.214217985,32.02974639,54.23539621,71.75140815,82.04877057,84.46596086,78.39939328,64.71056045,44.36713314,18.84993089,5.007825513,2.762716428,25.21300813,51.8432417,73.6056592,88.28908564,93.75968066,90.15387227,77.24023337,57.30200963,31.20997474,1.384219155,-3.033278182,-5.07344486,-1.140144524,29.28811271,57.06431581,80.00641655,95.15774135,100.7134427,96.40845675,81.69739337,59.27016449,30.45710946,8.079955248,1,0,0,0
-3.880529474,7.062765581,32.65463091,54.75232824,71.89912445,81.50957486,83.62544748,77.36010731,63.63306835,43.26378597,17.97670981,4.204092132,2.758244132,25.5020911,52.25227675,74.57715958,89.51195035,95.08480257,91.26792208,78.20309634,57.99327795,31.66722489,1.675937838,-2.788832932,-6.546791919,-2.630941765,27.70696648,55.13729612,78.35044357,93.79894762,100.0090054,95.90191807,82.0081386,60.05511285,31.66646955,9.548577843,1,0,0,0
-2.109473171,9.465412821,36.67160735,60.30859893,78.66500407,89.20468262,90.51931955,83.07043505,66.96982612,44.4686654,16.68334548,1.746254313,-1.050086249,21.5453436,48.74875321,71.29070161,87.51096175,94.78117805,92.49563358,81.01672196,61.30173138,35.40731531,5.263963,0.751205137,0.215400763,4.12031183,34.02058794,60.91473813,81.81931723,95.19551112,98.82910566,92.6432345,77.14323343,54.0623269,25.2041532,3.05110491,1,0,0,0
-2.362466801,9.371793466,37.00921446,61.41351283,79.76448947,90.69548734,92.20410814,84.34012392,68.17592574,45.21088222,17.16442447,2.1652345,-3.627050059,18.49547058,45.12277751,68.1686194,84.21322741,92.51772087,91.14734764,80.82525342,62.2169562,37.10273962,7.692910268,3.273138917,1.344710162,5.167067856,34.25554241,60.09578805,80.73141238,92.7955059,96.17874956,89.71058239,74.34941688,51.7395423,23.38228653,1.559523372,1,0,0,0
-2.285335493,9.640078666,37.60517245,62.17160208,80.95212739,92.09827952,93.28471696,85.61541074,68.89002487,45.83589983,17.51311654,2.327189007,-5.138713021,16.94119918,43.62577274,66.18359515,82.9173171,91.41017452,90.49007586,80.88569135,62.74669597,38.17352011,9.168752374,4.766949826,2.060677412,5.83203024,34.58385389,60.20411964,79.79533312,91.95561565,94.75082325,88.15083826,72.81964405,50.29686966,22.26419761,0.781991451,1,0,0,0
-2.262425592,9.7867006,38.25015974,63.16844022,82.5519183,93.31964193,94.94561398,86.77524874,69.81246769,46.36901539,17.73700313,2.363579609,-6.420019897,15.54551537,41.9529477,64.75988133,81.80833764,90.36208664,90.42004181,81.06037692,63.59514146,39.30912194,10.48227431,6.101719724,2.943032387,6.700288202,35.17133754,60.04470144,79.56195568,91.28886595,93.42127973,86.83050839,71.3303536,49.07209799,21.24633481,-0.083074103,1,0,0,0
-3.673316387,8.030936777,35.61178799,59.71864075,78.48309025,89.72578719,91.49373486,84.50320796,68.58796681,46.27690571,18.54569314,3.637158048,-2.979521413,18.97852201,45.4176362,67.49027979,83.54567458,91.11592116,89.5005901,79.17032225,60.69249305,35.96030376,6.947363593,2.56537965,1.11544702,4.952099476,34.27451479,60.61239296,80.91581642,93.78271084,96.95614463,90.5923806,74.99572904,52.14678149,23.63842307,1.790238074,1,0,0,0
-3.576240157,8.273084225,36.30104426,60.86333373,80.18434028,91.13345543,93.30498568,85.78943464,69.63650937,46.83415016,18.76898683,3.639082094,-4.194816566,17.70527388,43.85399257,66.24555573,82.56849348,90.27973316,89.51365346,79.47417024,61.61479769,37.09512078,8.245361354,3.877984191,2.037521972,5.865365231,34.99155399,60.56330592,80.87298479,93.22001366,95.80960444,89.31625976,73.60329751,50.94490528,22.62721693,0.913171218,1,0,0,0
-4.502963515,7.1618503,34.60267796,58.85963523,77.89962668,88.95644157,91.48697527,84.42951361,69.1777453,46.89185549,19.48024114,4.625148346,-2.382588883,19.48126912,45.32947289,67.52783763,82.99348625,90.3605243,88.57664697,78.08420546,59.91495656,35.19752943,6.419161834,2.074137405,1.017794795,4.882964853,34.50443596,60.52105862,81.55425861,94.2311804,97.68885943,91.04612776,75.44413819,52.5260086,23.88078003,1.921360334,1,0,0,0
-4.448675347,7.395122253,35.30700737,60.13419748,79.10763482,90.7865719,92.95135351,85.86733667,70.01703028,47.45718457,19.64771806,4.671249814,-3.700776007,17.98888076,44.04025094,66.29210742,81.76402148,89.74879111,88.36166893,78.59638451,60.62388241,36.36558689,7.628819565,3.327479644,1.987159412,5.832581054,34.88644632,60.89136181,81.4537846,93.56540687,96.5200959,89.68591459,74.22931552,51.20103322,22.88334875,0.994207634,1,0,0,0
-5.740729994,6.112269053,33.84048765,58.71765107,78.00059084,90.05255684,92.42569752,86.03377343,70.61570051,48.51409943,21.09706077,6.220695433,-2.950957174,18.6145122,44.30925835,65.78105271,81.08970186,88.58489509,86.85304657,77.02102787,59.24348665,35.20118656,6.945724629,2.692915518,1.685289894,5.549563523,34.91516828,61.32567499,81.76912982,94.41281213,97.40824354,90.46642222,74.81943208,51.68752649,23.16379325,1.300634296,1,0,0,0
-5.796372353,6.196794867,34.57669353,59.91276713,79.35881738,91.42209248,93.86118081,87.31993895,71.47596124,49.1169325,21.33925004,6.311309028,-4.292958072,17.00378408,42.62887719,64.2000214,79.87938662,87.40790123,86.66579455,77.17357808,59.88124312,36.3531932,8.42160733,4.187040243,2.443755117,6.284091396,35.25226898,61.07728455,81.18059735,93.49804618,95.81290568,88.97800733,73.20374438,50.42146409,22.17530063,0.518915038,1,0,0,0
-7.005444528,5.033813351,33.49779505,58.6170331,78.54052599,90.93355969,93.82480397,87.53977878,72.24582814,50.16166686,22.59912366,7.721257801,-3.532820041,17.67923429,43.08441013,64.07161641,79.32602985,86.51487958,85.46804851,75.68375989,58.62817176,35.21299772,7.655850683,3.49612847,2.173274217,6.023994674,35.46982673,61.64585617,82.00036893,94.19257109,96.76439347,89.98480692,73.808119,51.0223702,22.47391502,0.625743096,1,0,0,0
-2.71174906,8.905214573,36.29634469,60.13125547,78.71620775,89.05281731,90.90065887,83.3523477,67.52151758,45.12749132,17.56750653,2.722359041,-2.874906994,19.39323432,45.95313367,68.67294321,84.9618418,92.35090838,90.99606806,80.20108243,61.60858662,36.43227635,7.034034957,2.597485133,-0.183359389,3.645605412,32.91767304,58.78414121,79.66506308,92.7529615,96.22482424,90.502527,75.36559159,53.03865132,24.85674708,3.141477921,1,0,0,0
-2.663164438,9.353709101,37.37114813,62.16060139,81.19283438,91.94565152,93.47849511,85.45441884,69.24025141,46.18773337,18.29144953,3.232301356,-5.732588613,16.30963984,42.56025995,65.3434435,81.75218326,90.51999266,89.80458676,80.42075205,62.82146084,38.54884989,9.975508018,5.64311672,1.192802927,4.927794739,33.41334226,58.46317687,78.37057225,90.20907867,93.49603719,86.91151088,72.2860899,50.28081914,22.75226892,1.576394014,1,0,0,0
-3.587847473,8.01969265,35.29721995,59.42819041,77.65030399,88.7383019,90.5262249,83.50842759,67.87654938,45.79098157,18.44044314,3.736649773,-2.368578168,19.69187654,46.18736233,68.6912948,84.24315079,91.83122481,89.83056949,79.37157817,60.61122014,35.72556984,6.417697043,2.038826008,-0.217530066,3.628649338,32.82808338,59.17501487,80.23175391,93.23087042,96.94307244,90.91186252,76.03373015,53.29490432,25.11861085,3.234869836,1,0,0,0
-3.594609452,8.376074598,36.55799835,61.50712421,80.33698926,91.58286491,93.17919894,85.90704994,69.57658079,46.96152223,19.10592687,4.095575322,-5.172020027,16.58525468,42.87560086,65.18276371,81.59549758,89.63104763,89.12200226,79.52982989,61.88642553,37.89818135,9.426547485,5.106402021,1.139160022,4.908749942,33.43643162,58.85326165,78.7615015,91.17754503,93.90973961,87.75062464,72.7267151,50.6690761,23.01949962,1.728455678,1,0,0,0
-4.937921247,6.818513544,34.58249853,59.12159791,77.92086556,89.27997158,91.43185738,84.86655477,69.32248134,47.40611782,20.15096257,5.402913197,-2.980304558,18.67791733,44.69771538,66.52855922,82.2715938,89.4299176,88.15226418,77.86997777,59.88673038,35.67482339,7.210580218,2.906128959,0.207605494,4.043599656,33.21189163,59.28117122,79.93885494,93.03682085,96.19322091,90.17325211,74.94627406,52.51304674,24.38019053,2.713546704,1,0,0,0
-4.809350083,7.206692271,35.46736416,60.19846229,79.5016761,91.07207117,93.13675988,86.11032109,70.35221681,48.00359468,20.37482596,5.517531944,-4.415608395,17.24900714,43.31657215,65.04621026,81.01270414,88.71521154,87.90925229,78.02743504,60.62654481,36.76602069,8.663154937,4.418730807,0.870499996,4.650406156,33.63115964,59.3901359,79.57808218,91.85076978,94.85151687,88.74105374,73.32857652,51.26279062,23.30579155,1.83652964,1,0,0,0
-3.2974971,8.444950648,35.81264643,59.81261749,78.09508734,88.60228229,90.20755214,82.95319491,67.57279706,45.56151129,18.58825342,4.075071907,-3.091906664,19.21359727,45.6170855,68.21794091,84.05867041,91.93852959,89.930282,79.61245505,61.04815395,36.40683543,7.597801618,3.250272751,-2.251026152,1.519281368,30.51867168,56.54992302,77.26022539,90.55720186,95.03588644,89.57784835,75.50386646,53.8288091,26.30084424,5.010147603,1,0,0,0
-3.000024765,8.758424877,36.3701618,60.45502527,79.18535087,89.56509343,91.35459134,83.74265225,68.00591842,45.57893251,18.21799577,3.421358396,-3.803450254,18.37880642,44.78634409,67.45531972,83.69827387,91.44636679,90.32723642,79.87192461,61.80705467,37.02865828,8.098889164,3.725288697,-0.606388098,3.173551979,32.15494593,57.69839323,78.46443567,91.21392102,94.95207759,89.09458285,74.4420507,52.58958001,24.82506551,3.407945532,1,0,0,0
5.805467776,19.57741245,51.21310996,78.07072074,98.03786708,107.0707348,106.4786855,94.42124831,73.14049754,45.88254805,13.81599292,-2.83664055,2.183603736,27.08085013,55.96742736,79.72671772,95.77317466,102.6309411,98.8943391,86.00270303,64.26649662,36.84634185,5.529461083,0.988340806,5.868883724,10.05262039,40.50208976,67.10878951,86.62728895,96.84485918,97.86309987,90.26776135,73.44400065,50.49090377,21.87349292,0.460309102,1,0,0,0
4.614571993,18.20864022,49.6405632,76.69580817,96.71822182,106.8199024,106.1459365,95.10631398,74.46894807,47.23595815,15.09564707,-1.710012776,3.333021934,28.12198554,57.04636295,80.2934658,95.92300162,102.3033821,98.25764107,85.10956385,62.92297515,35.77634152,4.397770517,-0.150633167,6.02261217,10.25905292,41.30679885,68.62487404,88.83753871,99.81576577,101.12483,92.36207968,75.05278848,51.30509846,22.23047367,0.317283293,1,0,0,0
3.09076508,16.68223051,48.08916717,74.92891129,95.11221563,105.798367,105.7313343,95.55175422,75.32587079,47.95785384,15.84961958,-0.712307178,4.349171981,29.09671084,57.53545464,80.09937645,95.97204302,101.5919026,97.56001162,84.00069971,62.4480262,34.60812066,3.197966839,-1.345545792,6.19376176,10.51152836,42.46690368,69.7135839,90.90335194,101.7732664,103.6513517,93.88937361,76.85385056,52.00730142,22.4900296,0.078314802,1,0,0,0
5.446549275,19.03252105,50.39295822,76.72604661,96.34651814,106.0147689,105.2105074,93.86501732,73.19293824,45.76400317,13.81079279,-2.891249622,3.421563703,28.59649474,57.73433658,81.74041283,97.99969218,104.2463227,100.4164329,86.5818369,64.49354286,36.10139062,4.275844079,-0.349036764,4.857796819,9.11646595,40.56382538,67.26094412,88.10361262,99.13061301,101.5329981,92.67839744,76.49375928,52.42943521,23.41925053,1.351982339,1,0,0,0
4.032761388,17.63599908,48.61036818,75.03383026,94.32127128,104.9776142,105.0029011,93.85181925,74.16951938,47.14833906,15.03822448,-1.599805718,4.455143603,29.50346626,58.74740919,82.24628125,97.60430192,103.8162069,99.366187,85.42414167,63.45468401,35.23303847,3.06188256,-1.562954387,5.124969386,9.452342232,41.25689812,68.90380574,89.97973689,101.9077287,103.8708688,94.53927556,77.84141984,53.28087185,23.59238506,1.171502925,1,0,0,0
5.334398121,18.41766192,47.90597733,72.66750753,90.45756894,98.45821909,97.7895092,86.92412311,67.5075681,43.35318305,13.61926862,-1.350594205,3.522399169,26.97575807,54.21262049,75.36899964,90.47980002,95.58265348,91.56869093,78.68420225,58.73831735,32.98718791,4.207300376,0.057093998,1.879050048,5.733501374,34.19017438,58.6870072,77.33620635,88.53366205,91.71216024,84.92510763,70.32475238,49.29457545,23.51221834,3.753853744,0,1,0,0
5.31591676,18.42410629,48.21811421,73.00505239,90.96007854,99.37740783,97.7612808,87.40465585,68.65401549,43.59713424,14.05167118,-1.153629757,3.504402997,27.12866257,54.27780753,76.35329607,90.70368037,96.21297171,91.81085034,79.1681934,58.621985,33.32193779,4.307773642,0.145935192,1.895149747,5.763842748,34.16519,59.24200006,78.01264297,89.04050735,91.37379009,85.4001113,70.57583314,49.41388602,23.58412935,3.843119087,0,1,0,0
5.306995451,18.60950416,48.62180057,73.55553236,91.47274566,100.3527498,99.00067005,88.41047833,69.37129373,43.59367214,14.25590775,-1.134002449,3.460820977,27.37571445,54.53011516,77.132859,91.62360701,97.42934605,92.8893517,80.13417578,59.60086609,33.60029487,4.396689168,0.15102222,1.920655144,5.831857132,34.66438341,59.48229096,78.99078445,90.67174322,93.27876784,86.52179326,71.41853943,50.32821524,23.87742119,3.846135116,0,1,0,0
5.311647864,18.71540412,48.82729857,74.05354107,92.22322595,101.0309352,99.99609951,89.11837908,69.68567293,44.38517903,14.34908804,-1.167313617,3.450060912,27.52458338,55.32249783,77.56491429,92.55043215,97.98921426,93.75871937,80.64598889,60.20266831,34.02815494,4.530977178,0.262677012,1.946429009,5.895373631,35.10252155,60.35007718,79.98145553,90.85565266,94.04260867,87.04259247,72.35587538,50.58512082,24.18506134,3.841455252,0,1,0,0
5.159271066,18.69694335,49.04122683,74.62901094,93.07496469,102.1214281,100.9876613,90.02140514,70.13030149,44.78738341,14.46874701,-1.150673699,3.3533969,27.48930609,55.89985136,78.38263154,93.56488999,98.82733964,94.83357567,81.3883587,60.7395036,34.2676154,4.467135088,0.147355515,2.007034147,6.030688444,35.39831449,60.75094948,80.22712086,92.48006597,95.19326855,87.9412914,73.233738,51.17381155,24.31431449,3.80175187,0,1,0,0
5.186158398,18.80529888,49.65161053,75.46133033,94.17082707,103.3022835,102.2728186,91.08935237,71.17908704,44.8981818,14.75998862,-1.051528024,3.366027998,27.96834808,56.28349866,79.43335698,94.66231818,100.2821062,96.07211541,82.65653684,61.71123637,34.97931379,4.753029012,0.353695293,1.901831971,5.947639166,35.85539499,61.65199111,81.85075945,92.82304438,96.57050783,88.84375329,73.68219654,51.9625093,24.61544246,3.908728752,0,1,0,0
5.122345203,18.80210411,50.12111423,76.19544302,95.33364562,103.8827669,103.496802,92.0563563,71.92774317,46.11236771,14.89364754,-1.102823544,3.328430842,28.16482215,57.14639824,80.48947893,95.79612371,101.8188903,97.42726749,83.93324609,62.44322609,35.44339996,4.66886245,0.226393323,1.991781892,6.110370814,36.41813637,62.84512878,83.22843203,94.67424442,97.60586977,90.83739441,75.28171085,52.87476832,25.10918095,4.004582789,0,1,0,0
4.985383387,18.86091459,50.51937381,76.81226511,96.10079774,105.1935538,103.7739685,92.74600812,72.78160567,46.56755969,15.15594204,-1.110745491,3.377950153,28.35721823,57.58151206,80.64389478,96.85077282,103.0447179,98.36954951,84.21852785,63.23353359,35.88443132,4.832666857,0.31874332,1.997269689,6.165575197,36.74852539,63.5640533,84.2146637,96.30515024,98.84605219,91.93655391,76.2098187,53.5479415,25.42347741,4.00673383,0,1,0,0
5.118746368,19.1538462,50.79188616,77.37247794,96.55051226,105.2568933,105.1054138,93.95827315,73.70343623,46.58221931,15.29065798,-1.059083037,3.274907546,28.56002876,57.77780707,81.65846713,97.59028989,103.4230898,99.24182605,85.41397628,63.67608067,36.11566302,4.901774993,0.375331535,1.861947557,6.056288193,37.06401049,63.78500665,84.66235943,96.42394951,99.84705905,92.40712298,76.30357026,53.79583589,25.69351743,4.082620132,0,1,0,0
4.949402508,19.12856209,51.12510266,77.99984617,97.61949941,107.2025793,106.3348651,94.81443454,74.31513241,47.45366602,15.56767122,-0.957243915,3.241351427,28.69350968,58.72110463,82.64951166,98.71062481,104.554626,100.3250036,86.38661903,64.60819406,36.4807913,4.931640276,0.343558146,1.895738822,6.138355637,37.43052052,64.42115894,85.72422627,97.78051436,101.1738926,93.38988008,77.75789525,54.50724086,25.88856637,4.11391517,0,1,0,0
4.829082966,19.14255888,51.5646404,78.69589098,98.5822232,108.2835818,107.4721044,95.86808039,75.26702462,47.56072783,15.86741199,-0.834056377,3.163899325,29.04567076,58.96043864,83.58013526,99.60121878,105.7628677,101.5047371,87.25143678,64.96444571,36.8375111,5.080606052,0.40005868,1.871786396,6.15308048,37.69384093,64.84330239,86.67862078,99.35092568,102.4433263,94.79512634,78.8259776,55.13260542,26.25032245,4.230745074,0,1,0,0
4.712579297,19.10816077,51.92589204,79.49287757,99.41414073,109.3464037,108.7206984,96.94341751,75.73208141,48.61155834,16.16605428,-0.744439972,3.146391392,29.33260305,59.64663875,84.52112416,100.7986873,107.3140824,102.7645788,88.82503619,66.17187714,37.64732003,5.045253073,0.331320079,1.794629397,6.130456043,38.23047208,66.38923912,87.31618226,100.8184708,103.3512725,96.31981899,79.78205383,56.17548166,26.61341085,4.097274089,0,1,0,0
4.692334568,19.09286672,51.9013297,79.4630944,99.38264223,109.3125328,108.7005861,96.91770076,75.71327011,48.88025673,16.14825522,-0.7541499,3.148560323,29.32425922,59.76585739,84.49821843,100.7648544,107.2751741,102.7341263,88.8030831,66.16117739,37.64937296,5.06209736,0.349969723,1.792191757,6.1260838,38.21171015,66.36269665,87.86448777,100.7813358,103.7152918,96.27801573,79.73798365,56.1508505,26.60909394,4.222490401,0,1,0,0
4.425312291,18.15227944,49.5311824,75.94604541,95.45263097,104.8472826,104.3445089,93.1899125,72.9855921,46.82655123,15.85238559,-0.206424577,3.082224611,27.737462,56.36342461,79.53730801,94.65854552,100.672593,96.40231549,83.24039087,62.07607038,35.15558796,4.832838669,0.415305902,2.667042622,6.798942808,37.10733945,63.32350604,84.05439454,95.41416137,97.67963493,90.96506202,74.91653581,52.48528021,24.51138375,3.312886529,0,1,0,0
2.949072562,16.6389904,47.71679569,73.90125275,93.23345094,103.2052396,103.1588664,93.05488994,73.89272441,48.00053641,16.98417087,1.042346196,5.068612729,29.83110434,58.35907329,80.91517317,95.49209901,100.4152445,95.43013501,81.60850209,60.37370045,33.43969948,2.930590306,-1.498008188,2.049073976,6.248472756,37.09309219,64.50839023,85.59954322,98.20983275,100.0240335,92.60547802,76.86152273,53.99376146,25.4714102,4.001263217,0,1,0,0
3.766421239,18.24923875,51.11515575,79.41899217,100.8059764,111.5949137,111.0942531,99.52395503,78.34143647,50.07322311,17.22900616,0.174058601,1.463783828,26.42675182,55.52652493,78.76111161,94.73021195,101.3138657,98.20673437,85.752409,65.01470654,37.73705009,6.571941471,2.066599566,6.343896551,10.61611776,41.99973204,69.02116091,89.02206978,99.48426469,99.96606196,91.6988491,74.50438799,50.72827306,21.79436506,-0.036379342,0,1,0,0
3.766421239,18.24923875,51.11515575,79.41899217,100.8059764,111.5949137,111.0942531,99.52395503,78.34143647,50.07322311,17.22900616,0.174058601,1.463783828,26.42675182,55.52652493,78.76111161,94.73021195,101.3138657,98.20673437,85.752409,65.01470654,37.73705009,6.571941471,2.066599566,6.343896551,10.61611776,41.99973204,69.02116091,89.02206978,99.48426469,99.96606196,91.6988491,74.50438799,50.72827306,21.79436506,-0.036379342,0,1,0,0
6.89066953,21.63110987,55.42863729,83.89992401,104.4375156,114.1683702,112.4174141,98.6470279,77.63902486,48.55503412,14.39408484,-3.321644911,1.885418674,29.11391769,61.37060443,87.75349665,105.8551321,113.3292294,109.5751037,94.98762906,70.62707454,41.09594641,6.501663128,1.516587996,2.22868151,6.685990208,39.54127752,68.12040768,89.2628473,102.1678938,106.1154632,98.41452604,81.61634309,57.55391735,27.35163019,4.213039718,0,1,0,0
6.75400891,21.62776524,55.80290467,84.32016972,105.1832183,114.7077163,113.2635905,99.77750129,78.11347819,48.72043667,14.24276725,-3.436830916,1.806513289,29.43692688,61.51347377,87.71794231,106.4409172,114.212012,110.4037395,95.73770794,71.63069665,41.41437021,6.886560534,1.867772301,2.138757695,6.641826042,39.9333937,68.41556529,90.42442408,102.8150875,106.2607459,99.04346142,82.48579517,57.85749373,27.52722415,4.244772923,0,1,0,0
6.789786926,21.79077172,56.31448644,85.70376598,106.6586137,116.7557283,114.9652867,101.710996,79.09231482,49.54595788,14.62232468,-3.375363266,0.370078607,27.92150065,60.21605641,86.9337925,105.4013093,113.8693015,110.5527486,96.51628219,72.68985221,42.61270059,7.997035997,2.983392851,3.275930443,7.786572739,40.82575023,69.41106719,90.93546293,103.199675,105.881381,98.18204477,81.17300348,56.82846871,26.36838251,3.17690457,0,1,0,0
5.42366878,18.29855692,48.38160042,72.48824886,89.8994594,98.16558494,97.41563365,87.02605271,67.75466079,41.82181901,13.55140642,-1.583176956,3.934683643,27.36380114,55.27014621,76.81668766,91.21048193,95.95757051,92.10738353,79.0367283,58.81038294,32.59411619,3.835301379,-0.353049229,2.615419018,6.502776936,35.42102492,60.40115848,78.82572093,90.06243564,92.33827281,85.94518046,71.56357617,48.8498922,23.37886571,3.335690961,0,0,1,0
3.426146317,16.18079841,45.74658128,71.58809067,87.61120268,97.25695833,97.85004557,87.88874105,67.85905855,43.3990453,14.66450511,-0.698300795,2.754019602,26.68608506,54.73096524,78.41137366,90.3351042,97.30807934,94.78047108,81.03593003,59.84104429,33.88527849,4.478945817,0.056357189,2.127661183,6.036794579,35.91276938,62.19385752,82.1873134,92.07941305,95.57076999,90.71387919,72.82332833,50.75148993,23.68649269,3.378733825,0,0,1,0
4.717869664,17.12460639,46.27525564,70.90209542,87.277178,94.59697432,95.58828113,86.89078113,64.42778572,41.14241505,12.93223406,-2.163228399,3.567223619,27.40691782,55.06805562,77.63475614,90.37404612,95.71884563,93.48914943,80.50482008,56.33044729,31.97345446,3.473974479,-0.929023527,2.853132579,6.659540027,36.8905431,62.68051732,82.83294307,91.16188743,94.71076114,89.49410742,72.68525277,48.72599956,22.70107356,2.600277452,0,0,1,0
-3.343300556,9.141892591,39.17099619,64.86597571,86.39896688,93.9093534,97.82378019,91.50975614,74.67640756,49.18838879,21.8074802,6.362878736,-4.433771378,19.19823833,49.30624966,72.80035314,91.99088741,96.69645105,97.53599207,88.89138079,67.21476306,41.05434039,12.03041161,7.478528352,-5.383848973,-1.490578354,28.81656293,58.16621383,80.13249032,95.7326751,98.83857185,95.85587384,84.04966667,58.55792448,32.09730899,11.18897087,0,0,1,0
-7.372293947,5.476323886,35.29170857,63.05313549,83.94483894,98.52656775,100.9694773,94.18666993,77.42880674,57.25252823,25.99355646,10.21378741,-8.447762648,16.31276105,45.55049637,72.58870899,89.62271563,101.3769489,99.26645785,89.90886807,71.95143414,47.99112935,15.92800286,11.24616229,-9.189061669,-5.182452847,26.5835175,54.99283902,79.69461046,93.51619428,102.8028829,97.5243626,84.6113994,64.92555643,36.95848173,14.88666727,0,0,1,0
-34.16958525,-20.11776273,15.04933859,47.16233311,73.08648102,92.44845703,101.8035359,102.3611752,90.70371325,74.17780989,48.08157224,33.14134994,-32.53724461,-7.573888263,23.07381758,52.37147315,72.96983814,91.08062396,96.71545662,93.25670017,79.94858859,61.63348277,35.79441747,31.45903167,-31.16541129,-27.60075865,3.282992418,31.2021099,57.91671928,76.58949292,90.78079086,93.65504683,85.92327676,71.58796781,50.48951967,31.69648958,0,0,1,0
-66.50717804,-38.34026246,29.59330101,97.49765085,156.1182814,199.7175042,220.7890318,225.252617,203.3510242,170.6120446,113.0929266,80.48216001,-75.7365927,-23.31032686,43.97301113,109.449817,161.3562173,197.9296406,212.4112832,211.374998,186.0042055,150.3159196,91.93633869,83.01160389,-78.73006071,-70.71387606,-7.299847655,55.64042883,115.9750673,158.931175,187.8135665,195.4880447,189.9117415,162.1457905,124.931797,86.32864799,0,0,1,0
-132.868819,-103.8650525,-22.29315288,60.6321818,133.0457617,193.9869867,241.7041964,259.2153007,249.7629584,223.3760094,179.6288307,144.9965402,-134.3585198,-76.50430127,-2.946714373,76.97898485,146.1433462,202.4372438,236.566783,261.6217133,243.4931906,215.9328258,164.6281659,155.6752554,-149.9136275,-142.9587632,-66.14485546,5.143749028,82.06541419,150.2659345,201.1311686,229.1329814,252.0398325,234.8667928,204.486614,166.5477505,0,0,1,0
-153.3914189,-114.5829324,-28.13948601,28.05464997,74.6064151,124.0105796,208.4041606,311.5741936,354.0909328,314.8338592,224.643567,154.944656,-149.2496921,-103.1654599,-11.30665849,58.55357473,136.4008726,164.7394487,195.5517434,221.2904332,234.446202,219.3305477,164.532057,152.3431187,-86.21071268,-79.57764153,-16.14334282,63.08215129,154.0165138,225.2863104,240.4914111,238.943724,206.9232258,152.2506051,104.0426519,76.51676312,0,0,1,0
-179.8606343,-134.0633008,-37.60425279,16.34093514,61.16350665,113.7937949,200.13125,325.2487099,408.4283865,355.3177339,243.9748636,170.9799508,-168.3292548,-135.8462367,-43.35740829,42.07781145,110.8891565,138.7620033,155.4672487,193.4408828,230.1104664,232.6734719,199.0018474,186.4289622,-92.17721416,-88.39583054,-35.77709722,35.26600791,120.5295228,215.6375102,236.0506436,222.0295433,188.3146476,141.50532,100.020911,74.22730168,0,0,1,0
-47.09559544,-30.3139274,12.65313906,56.74133926,95.69447056,124.7898351,138.7922008,140.6068456,133.5804274,110.4352073,76.96466014,56.38216543,-52.57486935,-19.41171988,23.95929274,66.76897606,106.2671956,133.4932451,146.5372649,146.1168307,132.997163,103.7968235,66.64268962,60.3995479,-59.67186291,-54.43738802,-9.982257121,33.48647511,73.79671227,109.259389,131.5779979,142.4640266,140.2800932,127.1030319,97.01141099,69.68731368,0,0,1,0
-93.41958776,-81.85247694,-43.54985374,-1.78599784,40.60502395,77.83943214,104.3046377,120.3761425,123.0034733,113.2202242,89.22082845,73.81433353,-82.57140673,-56.34981904,-17.1919962,24.36290521,62.65520843,93.76013365,115.4316448,120.5094332,114.4047542,94.33782181,60.25246291,54.35309097,-66.8500447,-62.45028168,-25.26209198,15.77536594,57.05592306,90.87066295,113.8680477,123.2831565,117.8639291,98.83780518,68.16601645,39.82595293,0,0,1,0
-15.59830015,8.162968597,70.10066407,124.1349809,168.8731551,204.31849,213.2109376,204.3966909,176.7861003,130.1065702,66.27878085,29.68093684,-23.48318673,29.83163661,102.9158429,162.7672517,210.2217864,242.0027713,245.3351032,225.4045727,184.5360101,126.354391,56.33883217,45.32435721,-35.79433935,-26.37702864,47.47655794,122.0599697,176.9313715,218.2315392,243.1709218,240.7019681,215.455694,172.1737396,108.6376911,59.70988313,0,0,1,0
-79.36032192,-51.05887735,22.02286148,89.18403552,145.4706296,181.5037202,199.7884192,200.44671,177.6077042,143.5371406,97.55076647,70.76314588,-74.78151171,-27.56760614,33.14067703,89.74787985,130.4467465,158.2620167,171.9234062,164.5423924,144.6188815,111.5630388,72.49130971,66.29116069,-67.94818602,-61.66104801,-14.40004782,30.99190345,71.07065321,101.4488887,121.8668112,130.1847078,124.6257274,110.9671172,88.14615469,68.25156288,0,0,1,0
-59.08503444,-26.51049226,52.28887755,129.9634915,188.483202,227.1228468,249.0309835,242.2355255,213.1284782,169.463162,106.8906766,71.54739448,-68.3394443,-9.577454223,64.03718979,135.5781889,186.2909682,219.8739328,232.0673686,220.4341062,185.3083296,136.5037035,77.85727569,68.54673534,-70.0729338,-61.76158813,6.744848607,69.88697201,125.0307165,164.5132728,187.2809818,193.2240964,175.2465565,145.3621409,103.0058451,69.58880144,0,0,1,0
-38.68134683,-9.542913753,64.2862756,136.2486933,189.9934984,229.8653231,251.8030378,242.985719,212.9298929,166.3727024,99.47439244,61.27243015,-52.21824123,7.145123643,80.79921429,150.761468,199.3509649,233.9610174,246.7484313,228.7931785,194.2158549,139.605182,74.78652995,64.25527437,-60.67128106,-51.27885281,21.95793428,93.17768406,152.9546124,195.3199002,217.1273882,218.6145545,195.371216,159.29633,110.4842422,67.50538174,0,0,1,0
-56.93443211,-24.97177651,52.11329372,129.3074833,188.1199593,228.7556874,249.7259368,247.8048635,217.3286853,173.2904162,107.449195,71.3600241,-64.28862208,-4.295813801,68.78819967,138.896095,185.719114,218.1481051,231.8394895,219.6638671,184.9901829,135.9388277,75.81458921,66.25210476,-67.9530311,-59.28777087,11.64015908,77.45602059,135.3530944,175.7436704,197.1851839,202.3838654,179.4939786,149.110059,103.6133712,67.28990023,0,0,1,0
-112.4721139,-96.47353827,-43.62428848,21.20369447,92.45119992,158.0740645,211.4276691,245.025969,267.5850881,274.7203743,260.1059546,244.1740142,-180.2420454,-146.9533419,-91.98461189,-25.75564463,39.97113215,107.4801574,157.5249455,195.9361149,212.0552192,209.5033583,182.0809949,175.443121,-237.0061339,-232.4613345,-178.9537225,-115.6686392,-40.47529945,30.65388753,94.57683915,143.9030192,172.0159372,182.1553639,169.4453969,146.2875267,0,0,1,0
-141.6788211,-126.8839305,-71.73076086,-6.23982352,59.05226066,123.5295832,178.7211642,220.0333713,244.23517,249.0782582,237.4935405,216.7589675,-135.4574845,-106.2920711,-49.75636783,11.77036342,79.52998901,142.9301511,193.8922393,232.9147674,248.1662718,247.2672589,223.6208543,216.0286544,-246.0616051,-242.2882884,-197.3245666,-136.138451,-64.28173467,12.86227344,77.82339784,127.2639501,157.5532519,168.7024622,155.6932005,132.362008,0,0,1,0
-51.29619009,-37.12840442,5.794018217,49.50312227,92.10560431,125.1992959,144.8078303,149.1778317,138.3607537,108.2555017,63.7339551,36.79900947,-31.45266739,8.307583863,63.50645838,112.3582593,155.1781886,193.0024582,206.9997961,199.2227953,170.954768,129.8626453,67.02613823,56.86685262,-40.61357351,-32.9084624,33.78221343,106.6708028,167.7729235,214.0820994,245.5711375,259.1595711,242.6418383,203.7790675,148.7220266,96.75369725,0,0,1,0
-60.67114837,-32.83998977,40.83499774,117.5391663,188.1131099,235.2311595,270.977139,285.9618131,266.4624758,225.9637844,164.969689,126.6766391,-101.7978728,-35.99095532,42.82747188,127.0029224,203.6571105,258.2665899,286.6082545,299.6187256,285.473944,234.745554,171.7003322,160.0108475,-141.5108655,-132.5061451,-44.801764,42.19687932,130.6361124,208.5690486,264.3664899,290.2058692,297.9717059,280.6633233,230.73162,183.0111321,0,0,1,0
-104.5429848,-86.69677135,-37.07086681,9.89933483,56.20061895,106.747371,149.5827166,167.5839403,166.4431242,158.1568904,131.5137639,112.2089493,-112.8510892,-77.57277771,-30.53628611,15.45049767,55.7586516,95.3054521,122.9931996,139.1250221,148.7007341,139.9644479,116.2208884,111.4168592,-94.89840655,-90.98561649,-57.5495734,-17.15706668,28.79883754,76.01980546,113.1232619,146.0732696,146.5653265,133.0592912,118.8592962,99.63995824,0,0,0,1
-109.6526955,-85.14797098,-15.01554603,46.09976186,94.62731641,133.8451257,163.0553664,203.7218524,223.5597158,210.726135,148.690404,110.9377523,-99.84725083,-60.7680994,-8.216843736,49.85810248,94.87636205,127.6350827,141.9202904,159.5001929,166.6472544,154.2526696,117.1157222,108.6885548,-73.51158127,-69.12048717,-21.97392768,33.40328565,86.68780589,126.6712311,155.9270683,157.4636461,150.0438521,123.2301491,89.72966805,63.10971817,0,0,0,1
-122.7496887,-93.48956619,-12.39590173,46.30774667,93.72263149,139.0031623,209.7179562,272.7406024,298.4425462,261.2036817,172.6550483,119.6608503,-120.8728454,-75.49656324,2.563436418,75.68679099,137.0164745,163.6487754,190.6479446,208.8814756,213.0903574,188.3134057,127.7593049,117.0153437,-77.91956923,-71.10299502,-10.54533531,61.65936822,130.0892267,179.773214,203.6676379,212.4931561,189.5534762,144.3940148,101.7906806,74.00587589,0,0,0,1
-10.30889634,2.634240473,14.28433436,45.70440878,69.30378045,87.21932524,95.90527613,94.95495244,82.2507453,59.24501642,28.72804163,12.85770907,1.032439907,20.28523828,44.24041613,62.98019236,74.1757055,69.67447448,68.91698062,60.40735478,46.47330631,27.70120955,4.213982356,0.590179496,4.743813882,8.796239428,40.3041183,68.49564492,91.39529614,103.1695644,103.6897174,92.00705192,71.50880711,54.6404516,22.12679788,0.053247611,0,0,0,1
-22.79489019,-9.381204376,10.43580994,26.31646024,54.86010199,76.46708035,90.82674755,96.67004917,89.9168063,70.60753325,41.96804912,25.55634074,5.584817384,24.11629491,47.75960699,65.44577177,75.63675397,70.74910287,62.29376221,53.66527075,39.59790345,21.58479345,-0.689160153,-4.200350474,-3.176360422,1.468157399,36.71691717,69.72873455,97.66565973,114.3075027,118.330435,107.5507919,84.89655069,60.61149798,34.09938689,8.763380913,0,0,0,1
-34.53920834,-22.04349637,5.189444164,14.90941026,37.76688078,59.79394579,77.54051453,89.04332112,89.35241965,76.56069204,52.23230878,36.95032134,13.5509221,31.5117748,54.37433263,71.46738112,80.09697891,75.99218562,61.38539497,48.30219573,32.38136094,13.30376106,-8.874943263,-12.27535174,-14.86389888,-10.29934048,27.42826019,64.84951218,98.35087844,121.2725922,131.0314285,123.9179108,101.7452022,70.79018076,47.05407876,21.14252964,0,0,0,1
-36.50661912,-24.99675921,-0.214415467,2.582754377,24.9736806,47.00753845,66.81308374,80.83439717,83.98602466,73.7285047,52.33396786,38.25798426,8.536289267,28.27889709,54.41278154,74.54499562,86.06998496,82.78633286,62.39709357,52.82146425,37.98773033,19.46808162,-3.856185085,-7.560153235,-31.84025837,-27.63605588,9.51935493,48.30548683,85.2152014,113.4243546,128.8493862,127.516291,110.6470304,82.5593385,59.88733844,36.77058775,0,0,0,1
-1.928283775,10.08084412,28.93528658,56.08831646,75.97428291,89.10366992,92.47100693,86.59519971,70.76591459,47.50050891,18.82504954,4.174675326,0.585183173,20.14971669,43.85835292,62.37679417,74.30188291,76.16325697,74.16451769,65.06214464,50.00073961,29.53191618,4.952884054,1.258579919,7.273542146,10.9727691,38.95005263,63.21734051,82.29255608,91.63094292,91.56735134,81.4356243,64.05437445,44.63095677,17.17724658,-2.809324022,0,0,0,1
-23.33702826,-9.808874728,10.55270656,26.21282994,54.83072999,76.73179968,91.28732439,97.38327554,90.77781025,71.44735862,42.63782999,26.09294142,5.493724681,23.92814061,47.49129717,65.14018597,75.32551238,70.56494213,61.84030025,53.328773,39.3640858,21.51524203,-0.610542217,-4.10318915,-2.845684254,1.815845679,37.22559208,70.32699662,98.33503977,114.9792748,118.9152118,107.9274118,84.99631273,60.26025947,33.92699081,8.453057514,0,0,0,1
-35.17354537,-22.58422369,4.978537651,14.63083487,37.61186075,59.74009563,77.73295175,89.55886168,90.06508128,77.32205605,52.88077394,37.49305896,13.57459821,31.42697914,54.2098173,71.26337819,79.87802451,75.799803,61.05652795,47.97177164,32.16830802,13.15319903,-8.865341758,-12.24892961,-14.69292503,-10.06228575,27.90513546,65.40489774,98.96841824,121.9433836,131.6941053,124.4145669,101.9960956,70.74905919,47.17287056,21.05548031,0,0,0,1
-40.93460429,-29.85593516,-3.946069351,3.501099104,20.58712879,41.90726944,62.06270648,77.54133147,83.04611326,75.38168325,55.9198122,42.30353442,12.97775797,32.07332195,57.1243359,76.16652128,86.71742472,83.26136317,63.8003228,50.09859233,34.09643626,14.75118078,-8.355305486,-11.94529955,-32.93210012,-28.8405207,8.510150472,48.14726899,86.49213849,116.388827,133.4689141,133.0412277,116.1248866,86.40280194,60.50047387,37.93860479,0,0,0,1
-3.804512549,8.144510456,28.28769255,53.33849058,73.20612373,86.61691664,90.60763947,85.5169445,70.69389314,48.39007153,20.21385998,5.667814309,3.08489573,22.49462516,45.69339287,63.76771095,75.09690816,73.79966099,73.21355272,63.33648116,47.75033738,27.02106247,2.443432785,-1.203224516,6.719981513,10.51712946,39.18656704,64.19528172,84.12481417,94.26122808,94.63192521,84.51094095,66.68455943,49.63557824,18.64279493,-2.012000227,0,0,0,1
3.565465065,18.61896435,51.06084983,64.0424614,90.4299406,105.177026,108.4600845,101.0207128,81.79694027,52.9075513,17.65017578,-0.870126586,-14.32514332,7.795519034,36.35574385,60.61654459,78.98220316,88.65248015,88.85006955,81.88336821,67.68988623,46.8467675,20.52895954,16.37025354,4.396026001,8.597330624,37.1748842,62.07865392,81.40280855,90.32619924,89.46176859,78.47790918,59.71948668,36.6347961,23.19751261,0.602180322,0,0,0,1
11.88650521,28.07866581,64.55684064,96.0630434,108.7782685,120.2584164,118.5757599,105.7008847,81.68461665,49.08830703,11.04919842,-8.926011786,-27.77717811,-3.591145448,27.85379103,55.97322105,79.28167522,94.76763322,101.4188321,102.5861075,86.29946387,63.25060769,34.47747956,29.92850706,5.05166706,6.548809417,33.63335343,55.63537099,72.13879035,78.94335708,77.16894712,67.22762282,50.50414583,29.00650379,4.502562326,-3.458669193,0,0,0,1
18.25808884,34.65377305,70.60819894,91.85940599,111.246462,122.5569571,119.685608,104.9748573,78.8898741,44.38884989,4.894202641,-15.30252724,-28.29225928,-2.372919805,31.41067245,61.64136051,86.61528978,103.11081,111.9627608,106.083395,90.35215382,66.08920985,35.42416821,30.5502629,1.893541124,5.203153373,31.67714469,53.81625063,70.37488378,77.35502944,76.05150357,66.68080143,51.20545429,31.26577386,19.03273482,0.927008297,0,0,0,1
22.2253473,42.94372622,88.48475845,125.1038378,140.4040613,154.8261618,151.3925349,132.8244737,99.85931562,56.57533887,6.994055774,-18.53984943,-56.59177598,-27.39234819,11.69775608,48.85047141,82.40918,108.5623709,126.6958936,133.0177182,121.1647134,97.30871487,64.45059384,58.96152535,6.670612272,7.903086272,32.68599485,53.94668946,68.88319711,73.20645115,68.5468743,55.89365505,38.45167177,19.01743206,1.288807508,-6.038736058,0,0,0,1
29.79267542,50.26833247,93.98067134,118.2155443,141.9297008,153.9667342,148.6924251,128.10814,93.42267169,48.94447518,-0.900311629,-26.07327091,-54.96074823,-23.42800497,18.58073431,58.27757815,93.83692584,120.9741887,140.9118927,138.9322895,125.5601489,99.35989886,63.55343332,57.6165824,-0.501010779,3.114167983,27.50576147,49.39781494,65.09301312,70.7115525,67.88701433,57.51737234,42.66561464,26.03178755,22.71481446,3.868712318,0,0,0,1
35.3133718,55.95797274,92.32279312,117.1220585,145.2056046,157.2486452,151.1191736,128.5640956,91.52979343,44.85615798,-6.457013382,-31.73234778,-56.61811994,-22.71802222,22.46354356,64.95342488,102.8033503,131.1228754,145.2711018,145.1717914,131.9876603,104.2225218,65.81602616,59.4435693,-3.562447545,0.02710461,24.69321469,46.93538543,63.27065241,69.65445326,67.84240501,58.76742977,46.09236538,38.68440654,27.11154121,7.406315615,0,0,0,1
32.64829559,50.42012286,79.31869148,124.0350807,152.5401596,167.4050209,162.7523744,138.6816901,97.71118518,46.76163164,-7.930801845,-29.66808565,-64.24527021,-26.53292542,23.58914405,70.09921496,107.7624482,128.0134751,149.7909642,154.0528003,143.5776317,115.8332446,74.76569107,67.64952413,-4.584254067,-1.475973541,24.10895796,47.32938953,64.57238524,72.03213133,71.00837106,62.63701462,57.09185019,47.9309247,24.58973622,7.551703331,0,0,0,1
27.73557512,40.29323176,84.01399835,122.8680399,150.6120164,164.5433504,158.7990083,133.755128,92.54328988,42.09197296,-10.97113958,-25.79694701,-60.98047115,-21.08130552,30.94355497,78.52712104,107.4830227,137.0738375,156.2504309,159.841932,147.47149,117.2472567,72.74156902,65.17791752,-11.52616957,-8.419012383,17.95844963,42.63030004,62.36175887,72.48540933,73.9336581,68.19229961,67.56807367,51.48644607,31.56707446,14.72846355,0,0,0,1
27.89142518,40.4570409,84.09763653,122.7598229,150.3379956,164.2571442,158.4822582,133.5254589,92.44745928,42.11125996,-10.90187385,-25.8749684,-60.10992457,-20.19293328,31.79418403,79.2845967,108.4458457,137.5616858,156.4046905,159.5608632,146.8901235,116.3818925,71.73865332,64.17285064,-11.80242064,-8.674389636,18.01931396,42.94043231,62.91904779,73.21219803,74.73266214,68.96379686,68.2909873,52.093333,31.97991119,14.98868963,0,0,0,1
24.97547495,35.10638421,81.24299266,121.576936,150.1921822,164.0158213,156.4001445,129.4080766,87.32424192,37.5444284,-11.12231286,-24.25261578,-59.44592753,-12.52491069,46.52716137,96.87461398,122.0929655,155.0451851,176.4051128,180.3568447,164.1990224,126.3043353,71.98774398,63.15522711,-32.89458085,-29.61524313,0.238042969,30.36378675,57.82860443,76.14554179,85.20808121,86.59933424,85.63920891,73.08391824,54.21801935,36.52261983,0,0,0,1
20.2024166,32.08988988,76.90544017,117.3215128,146.2851901,161.160776,155.3875739,130.561481,90.45794149,42.37020577,-3.757140866,-18.12845834,-52.83717908,-6.790322151,50.53266599,97.39823182,121.1124343,153.5752956,172.7397565,174.755768,157.274301,118.9517423,65.4255038,56.73676262,-31.59168269,-28.03218844,4.528639688,36.76394858,65.7867534,84.94895584,93.95123221,94.41164901,89.77762317,75.55449976,54.43941997,35.28850758,0,0,0,1
20.91547917,32.54591671,78.50406484,116.6771416,142.3136704,153.9680996,145.86235,120.5175225,81.56542606,36.0471477,-4.785029019,-18.948014,-41.47842113,7.384330307,67.07267218,113.4790872,138.3866694,171.685505,187.0455025,182.8990067,158.4272286,113.7547184,54.93223731,45.70482308,-43.98662581,-40.06119713,-3.993235055,32.54047849,66.39819775,90.36791554,104.3313265,109.5446659,106.0373497,91.89631899,69.29052039,48.05382053,0,0,0,1
15.47804019,26.90441682,68.68542975,107.5436968,134.8828335,149.6117633,145.2167103,123.5665806,87.76168194,44.13782591,0.044919906,-13.54975169,-39.0586729,9.081053801,68.14511106,116.5653958,139.993422,167.828322,182.0141907,178.075082,154.2004288,110.2989012,51.93645547,42.84617848,-46.65527054,-42.49651594,-3.889769822,35.40010726,72.21207143,98.51505561,113.6154407,117.794002,113.5717566,97.98861928,73.43996447,50.99021727,0,0,0,1
19.39765588,27.95914829,71.59804227,107.3824682,131.231208,142.3542058,135.4612333,112.4688458,77.08651687,35.09493265,-8.141672758,-18.77565535,-32.40296557,18.46788822,80.78059763,133.0935645,156.1747857,184.4014946,195.3226822,186.3552954,157.4259989,108.8464096,46.18150189,36.55497266,-58.86972997,-54.58472881,-14.16456939,27.42373446,67.22290208,97.54843615,117.4017354,126.3917318,128.4692083,111.6663237,86.49874022,63.15108862,0,0,0,1
